-- This script contains a procedure to load data from complete.csv into Prize, Laureate, Individual, and Country tables.

DELIMITER //

CREATE PROCEDURE LoadDataFromCSV()
BEGIN
    -- Step 1: Load data into a temporary table
    CREATE TEMPORARY TABLE temp_data (
        -- Define columns based on the structure of complete.csv
        -- Example: column_name1 DATATYPE, column_name2 DATATYPE, ...
    );

    -- Load data from the CSV into the temporary table
    LOAD DATA INFILE '/path/to/complete.csv' 
    INTO TABLE temp_data
    FIELDS 
        TERMINATED BY ',' 
        ENCLOSED BY '""'
    LINES 
        TERMINATED BY '\n'
    IGNORE 1 ROWS; -- Assumes the CSV has a header row

    -- Step 2: Insert data into Prize
    INSERT INTO Prize (...)
    SELECT ... FROM temp_data;

    -- Step 3: Insert data into Laureate
    INSERT INTO Laureate (...)
    SELECT ... FROM temp_data;

    -- Step 4: Insert data into Individual
    INSERT INTO Individual (...)
    SELECT ... FROM temp_data WHERE ...; -- Assuming you'll filter for individuals only

    -- Step 5: Insert data into Country
    INSERT INTO Country (...)
    SELECT ... FROM temp_data WHERE ...; -- Filter based on your requirements

    -- Step 6: Drop the temporary table
    DROP TEMPORARY TABLE temp_data;
END //

DELIMITER ;

-- You can now call the procedure with the following command:
-- CALL LoadDataFromCSV();
